Series Name,Series Code,Country Name,Country Code,2023 [YR2023],2022 [YR2022],2021 [YR2021],2020 [YR2020],2019 [YR2019],2018 [YR2018],2017 [YR2017],2016 [YR2016],2015 [YR2015],2014 [YR2014],2013 [YR2013],2012 [YR2012],2011 [YR2011],2010 [YR2010],2009 [YR2009],2008 [YR2008],2007 [YR2007],2006 [YR2006],2005 [YR2005],2004 [YR2004],2003 [YR2003],2002 [YR2002],2001 [YR2001],2000 [YR2000],1999 [YR1999],1998 [YR1998],1997 [YR1997],1996 [YR1996],1995 [YR1995],1994 [YR1994],1993 [YR1993],1992 [YR1992],1991 [YR1991],1990 [YR1990],1989 [YR1989],1988 [YR1988],1987 [YR1987],1986 [YR1986],1985 [YR1985],1984 [YR1984],1983 [YR1983],1982 [YR1982],1981 [YR1981],1980 [YR1980],1979 [YR1979],1978 [YR1978],1977 [YR1977],1976 [YR1976],1975 [YR1975],1974 [YR1974]
"Literacy rate, youth (ages 15-24), gender parity index (GPI)",SE.ADT.1524.LT.FM.ZS,United States,USA,..,..,..,..,..,..,..,..,..,..,..,..,..,..,..,..,..,..,..,..,..,..,..,..,..,..,..,..,..,..,..,..,..,..,..,..,..,..,..,..,..,..,..,..,..,..,..,..,..,..
The law prohibits discrimination in employment based on gender (1=yes; 0=no),SG.LAW.NODC.HR,United States,USA,1,1,1,1,1,1,1,1,1,1,1,1,1,1,1,1,1,1,1,1,1,1,1,1,1,1,1,1,1,1,1,1,1,1,1,1,1,1,1,1,1,1,1,1,1,1,1,1,1,1
The law prohibits discrimination in access to credit based on gender (1=yes; 0=no),SG.LAW.CRDD.GR,United States,USA,1,1,1,1,1,1,1,1,1,1,1,1,1,1,1,1,1,1,1,1,1,1,1,1,1,1,1,1,1,1,1,1,1,1,1,1,1,1,1,1,1,1,1,1,1,1,1,1,1,0
Proportion of women subjected to physical and/or sexual violence in the last 12 months (% of ever-partnered women ages 15-49),SG.VAW.1549.ZS,United States,USA,..,..,..,..,..,..,..,..,..,..,..,..,..,..,..,..,..,..,..,..,..,..,..,..,..,..,..,..,..,..,..,..,..,..,..,..,..,..,..,..,..,..,..,..,..,..,..,..,..,..
"Proportion of women subjected to physical and/or sexual violence in the last 12 months (modeled estimate, % of ever partnered women ages 15+)",SG.VAW.15PL.ME.ZS,United States,USA,..,..,..,..,..,4.21302799077985,..,..,..,..,..,..,..,..,..,..,..,..,..,..,..,..,..,..,..,..,..,..,..,..,..,..,..,..,..,..,..,..,..,..,..,..,..,..,..,..,..,..,..,..
"Proportion of women subjected to physical and/or sexual violence in the last 12 months (modeled estimate, % of ever partnered women ages 15-19)",SG.VAW.1519.ME.ZS,United States,USA,..,..,..,..,..,..,..,..,..,..,..,..,..,..,..,..,..,..,..,..,..,..,..,..,..,..,..,..,..,..,..,..,..,..,..,..,..,..,..,..,..,..,..,..,..,..,..,..,..,..
"Proportion of women subjected to physical and/or sexual violence in the last 12 months (modeled estimate, % of ever partnered women ages 15-49)",SG.VAW.1549.ME.ZS,United States,USA,..,..,..,..,..,6,..,..,..,..,..,..,..,..,..,..,..,..,..,..,..,..,..,..,..,..,..,..,..,..,..,..,..,..,..,..,..,..,..,..,..,..,..,..,..,..,..,..,..,..
"Proportion of women subjected to physical and/or sexual violence in the last 12 months (modeled estimate, % of ever partnered women ages 20-24)",SG.VAW.2024.ME.ZS,United States,USA,..,..,..,..,..,..,..,..,..,..,..,..,..,..,..,..,..,..,..,..,..,..,..,..,..,..,..,..,..,..,..,..,..,..,..,..,..,..,..,..,..,..,..,..,..,..,..,..,..,..
"Proportion of women subjected to physical and/or sexual violence in the last 12 months (modeled estimate, % of ever partnered women ages 25-29)",SG.VAW.2529.ME.ZS,United States,USA,..,..,..,..,..,..,..,..,..,..,..,..,..,..,..,..,..,..,..,..,..,..,..,..,..,..,..,..,..,..,..,..,..,..,..,..,..,..,..,..,..,..,..,..,..,..,..,..,..,..
"Proportion of women subjected to physical and/or sexual violence in the last 12 months (modeled estimate, % of ever partnered women ages 30-34)",SG.VAW.3034.ME.ZS,United States,USA,..,..,..,..,..,..,..,..,..,..,..,..,..,..,..,..,..,..,..,..,..,..,..,..,..,..,..,..,..,..,..,..,..,..,..,..,..,..,..,..,..,..,..,..,..,..,..,..,..,..
"Proportion of women subjected to physical and/or sexual violence in the last 12 months (modeled estimate, % of ever partnered women ages 35-44)",SG.VAW.3544.ME.ZS,United States,USA,..,..,..,..,..,..,..,..,..,..,..,..,..,..,..,..,..,..,..,..,..,..,..,..,..,..,..,..,..,..,..,..,..,..,..,..,..,..,..,..,..,..,..,..,..,..,..,..,..,..
"Proportion of women subjected to physical and/or sexual violence in the last 12 months (modeled estimate, % of ever partnered women ages 45-54)",SG.VAW.4554.ME.ZS,United States,USA,..,..,..,..,..,..,..,..,..,..,..,..,..,..,..,..,..,..,..,..,..,..,..,..,..,..,..,..,..,..,..,..,..,..,..,..,..,..,..,..,..,..,..,..,..,..,..,..,..,..
"Proportion of women subjected to physical and/or sexual violence in the last 12 months (modeled estimate, % of ever partnered women ages 55-64)",SG.VAW.5564.ME.ZS,United States,USA,..,..,..,..,..,..,..,..,..,..,..,..,..,..,..,..,..,..,..,..,..,..,..,..,..,..,..,..,..,..,..,..,..,..,..,..,..,..,..,..,..,..,..,..,..,..,..,..,..,..
"Proportion of women subjected to physical and/or sexual violence in the last 12 months (modeled estimate, % of ever partnered women ages 65+)",SG.VAW.65PL.ME.ZS,United States,USA,..,..,..,..,..,..,..,..,..,..,..,..,..,..,..,..,..,..,..,..,..,..,..,..,..,..,..,..,..,..,..,..,..,..,..,..,..,..,..,..,..,..,..,..,..,..,..,..,..,..
Proportion of women who have ever experienced any form of sexual violence (% of women ages 15-49),SG.VAW.AFSX.ZS,United States,USA,..,..,..,..,..,..,..,..,..,..,..,..,..,..,..,..,..,..,..,..,..,..,..,..,..,..,..,..,..,..,..,..,..,..,..,..,..,..,..,..,..,..,..,..,..,..,..,..,..,..
Proportion of women who have ever experienced intimate partner violence (% of ever-married women ages 15-49),SG.VAW.IPVE.ZS,United States,USA,..,..,..,..,..,..,..,..,..,..,..,..,..,..,..,..,..,..,..,..,..,..,..,..,..,..,..,..,..,..,..,..,..,..,..,..,..,..,..,..,..,..,..,..,..,..,..,..,..,..
"Proportion of women who have ever experienced intimate partner violence (modeled estimate, % of ever partnered women ages 15+)",SG.VAW.15PL.LT.ME.ZS,United States,USA,..,..,..,..,..,27.9690515234259,..,..,..,..,..,..,..,..,..,..,..,..,..,..,..,..,..,..,..,..,..,..,..,..,..,..,..,..,..,..,..,..,..,..,..,..,..,..,..,..,..,..,..,..
"Proportion of women who have ever experienced intimate partner violence (modeled estimate, % of ever partnered women ages 15-19)",SG.VAW.1519.LT.ME.ZS,United States,USA,..,..,..,..,..,..,..,..,..,..,..,..,..,..,..,..,..,..,..,..,..,..,..,..,..,..,..,..,..,..,..,..,..,..,..,..,..,..,..,..,..,..,..,..,..,..,..,..,..,..
"Proportion of women who have ever experienced intimate partner violence (modeled estimate, % of ever partnered women ages 15-49)",SG.VAW.1549.LT.ME.ZS,United States,USA,..,..,..,..,..,26,..,..,..,..,..,..,..,..,..,..,..,..,..,..,..,..,..,..,..,..,..,..,..,..,..,..,..,..,..,..,..,..,..,..,..,..,..,..,..,..,..,..,..,..
"Proportion of women who have ever experienced intimate partner violence (modeled estimate, % of ever partnered women ages 20-24)",SG.VAW.2024.LT.ME.ZS,United States,USA,..,..,..,..,..,..,..,..,..,..,..,..,..,..,..,..,..,..,..,..,..,..,..,..,..,..,..,..,..,..,..,..,..,..,..,..,..,..,..,..,..,..,..,..,..,..,..,..,..,..
"Proportion of women who have ever experienced intimate partner violence (modeled estimate, % of ever partnered women ages 25-29)",SG.VAW.2529.LT.ME.ZS,United States,USA,..,..,..,..,..,..,..,..,..,..,..,..,..,..,..,..,..,..,..,..,..,..,..,..,..,..,..,..,..,..,..,..,..,..,..,..,..,..,..,..,..,..,..,..,..,..,..,..,..,..
"Proportion of women who have ever experienced intimate partner violence (modeled estimate, % of ever partnered women ages 30-34)",SG.VAW.3034.LT.ME.ZS,United States,USA,..,..,..,..,..,..,..,..,..,..,..,..,..,..,..,..,..,..,..,..,..,..,..,..,..,..,..,..,..,..,..,..,..,..,..,..,..,..,..,..,..,..,..,..,..,..,..,..,..,..
"Proportion of women who have ever experienced intimate partner violence (modeled estimate, % of ever partnered women ages 45-54)",SG.VAW.4554.LT.ME.ZS,United States,USA,..,..,..,..,..,..,..,..,..,..,..,..,..,..,..,..,..,..,..,..,..,..,..,..,..,..,..,..,..,..,..,..,..,..,..,..,..,..,..,..,..,..,..,..,..,..,..,..,..,..
"Proportion of women who have ever experienced intimate partner violence (modeled estimate, % of ever partnered women ages 35-44)",SG.VAW.3544.LT.ME.ZS,United States,USA,..,..,..,..,..,..,..,..,..,..,..,..,..,..,..,..,..,..,..,..,..,..,..,..,..,..,..,..,..,..,..,..,..,..,..,..,..,..,..,..,..,..,..,..,..,..,..,..,..,..
"Proportion of women who have ever experienced intimate partner violence (modeled estimate, % of ever partnered women ages 55-64)",SG.VAW.5564.LT.ME.ZS,United States,USA,..,..,..,..,..,..,..,..,..,..,..,..,..,..,..,..,..,..,..,..,..,..,..,..,..,..,..,..,..,..,..,..,..,..,..,..,..,..,..,..,..,..,..,..,..,..,..,..,..,..
"Proportion of women who have ever experienced intimate partner violence (modeled estimate, % of ever partnered women ages 65+)",SG.VAW.65PL.LT.ME.ZS,United States,USA,..,..,..,..,..,..,..,..,..,..,..,..,..,..,..,..,..,..,..,..,..,..,..,..,..,..,..,..,..,..,..,..,..,..,..,..,..,..,..,..,..,..,..,..,..,..,..,..,..,..
Proportion of women who have sought help to stop physical or sexual violence (% of ever-married women ages 15-49),SG.VAW.HLPV.ZS,United States,USA,..,..,..,..,..,..,..,..,..,..,..,..,..,..,..,..,..,..,..,..,..,..,..,..,..,..,..,..,..,..,..,..,..,..,..,..,..,..,..,..,..,..,..,..,..,..,..,..,..,..
There is legislation specifically addressing domestic violence (1=yes; 0=no),SG.LEG.DVAW,United States,USA,1,1,1,1,1,1,1,1,1,1,1,1,1,1,1,1,1,1,1,1,1,1,1,1,1,1,1,1,1,0,0,0,0,0,0,0,0,0,0,0,0,0,0,0,0,0,0,0,0,0
Women who experienced first sexual violence before age 15 (% of women ages 15-49),SG.VAW.SX15.ZS,United States,USA,..,..,..,..,..,..,..,..,..,..,..,..,..,..,..,..,..,..,..,..,..,..,..,..,..,..,..,..,..,..,..,..,..,..,..,..,..,..,..,..,..,..,..,..,..,..,..,..,..,..
Women who experienced first sexual violence before age 18 (% of women ages 15-49),SG.VAW.SX18.ZS,United States,USA,..,..,..,..,..,..,..,..,..,..,..,..,..,..,..,..,..,..,..,..,..,..,..,..,..,..,..,..,..,..,..,..,..,..,..,..,..,..,..,..,..,..,..,..,..,..,..,..,..,..
Women who experienced first sexual violence before age 22 (% of women ages 15-49),SG.VAW.SX22.ZS,United States,USA,..,..,..,..,..,..,..,..,..,..,..,..,..,..,..,..,..,..,..,..,..,..,..,..,..,..,..,..,..,..,..,..,..,..,..,..,..,..,..,..,..,..,..,..,..,..,..,..,..,..
Women who have ever experienced  sexual violence committed by their husband/partner  (% of ever-married women ages 15-49),SG.VAW.IPSV.LT.ZS,United States,USA,..,..,..,..,..,..,..,..,..,..,..,..,..,..,..,..,..,..,..,..,..,..,..,..,..,..,..,..,..,..,..,..,..,..,..,..,..,..,..,..,..,..,..,..,..,..,..,..,..,..
Women who have ever experienced emotional violence committed by their husband/partner  (% of ever-married women ages 15-49),SG.VAW.IPEV.LT.ZS,United States,USA,..,..,..,..,..,..,..,..,..,..,..,..,..,..,..,..,..,..,..,..,..,..,..,..,..,..,..,..,..,..,..,..,..,..,..,..,..,..,..,..,..,..,..,..,..,..,..,..,..,..
Women who have ever experienced physical violence committed by their husband/partner (% of ever-married women ages 15-49),SG.VAW.IPPV.LT.ZS,United States,USA,..,..,..,..,..,..,..,..,..,..,..,..,..,..,..,..,..,..,..,..,..,..,..,..,..,..,..,..,..,..,..,..,..,..,..,..,..,..,..,..,..,..,..,..,..,..,..,..,..,..
Women who have experienced emotional violence committed by their husband/partner in the 12 months (% of ever-married women ages 15-49),SG.VAW.IPEV.LY.ZS,United States,USA,..,..,..,..,..,..,..,..,..,..,..,..,..,..,..,..,..,..,..,..,..,..,..,..,..,..,..,..,..,..,..,..,..,..,..,..,..,..,..,..,..,..,..,..,..,..,..,..,..,..
Women who have experienced physical violence committed by their husband/partner in the 12 months (% of ever-married women ages 15-49),SG.VAW.IPPV.LY.ZS,United States,USA,..,..,..,..,..,..,..,..,..,..,..,..,..,..,..,..,..,..,..,..,..,..,..,..,..,..,..,..,..,..,..,..,..,..,..,..,..,..,..,..,..,..,..,..,..,..,..,..,..,..
Women who have experienced sexual violence committed by their husband/partner in the 12 months (% of ever-married women ages 15-49),SG.VAW.IPSV.LY.ZS,United States,USA,..,..,..,..,..,..,..,..,..,..,..,..,..,..,..,..,..,..,..,..,..,..,..,..,..,..,..,..,..,..,..,..,..,..,..,..,..,..,..,..,..,..,..,..,..,..,..,..,..,..
Women who have not experienced spousal physical or sexual violence (% of currently married women age 15-49 who have been married only once),SG.VAW.IPVE.NV.ZS,United States,USA,..,..,..,..,..,..,..,..,..,..,..,..,..,..,..,..,..,..,..,..,..,..,..,..,..,..,..,..,..,..,..,..,..,..,..,..,..,..,..,..,..,..,..,..,..,..,..,..,..,..
"Women who never sought help to stop violence, and never told anyone  (% of ever-married women ages 15-49 who have ever experienced any physical or sexual violence)",SG.VAW.HLPV.NV.ZS,United States,USA,..,..,..,..,..,..,..,..,..,..,..,..,..,..,..,..,..,..,..,..,..,..,..,..,..,..,..,..,..,..,..,..,..,..,..,..,..,..,..,..,..,..,..,..,..,..,..,..,..,..
"Women who never sought help to stop violence, but told someone (% of ever-married women ages 15-49 who have ever experienced any physical or sexual violence)",SG.VAW.HLPV.TD.ZS,United States,USA,..,..,..,..,..,..,..,..,..,..,..,..,..,..,..,..,..,..,..,..,..,..,..,..,..,..,..,..,..,..,..,..,..,..,..,..,..,..,..,..,..,..,..,..,..,..,..,..,..,..
Women who who have experienced injuries resulting from spousal violence (% of ever-married women ages 15-49 who have ever experienced any physical or sexual violence),SG.VAW.INJR.ZS,United States,USA,..,..,..,..,..,..,..,..,..,..,..,..,..,..,..,..,..,..,..,..,..,..,..,..,..,..,..,..,..,..,..,..,..,..,..,..,..,..,..,..,..,..,..,..,..,..,..,..,..,..
Women whose first experience of spousal physical or sexual violence was before marriage  (% of currently married women age 15-49 who have been married only once),SG.VAW.IPVE.BM.ZS,United States,USA,..,..,..,..,..,..,..,..,..,..,..,..,..,..,..,..,..,..,..,..,..,..,..,..,..,..,..,..,..,..,..,..,..,..,..,..,..,..,..,..,..,..,..,..,..,..,..,..,..,..
Women whose first experience of spousal physical or sexual violence was within five years of marriage  (% of currently married women age 15-49 who have been married only once),SG.VAW.IPVE.M5.ZS,United States,USA,..,..,..,..,..,..,..,..,..,..,..,..,..,..,..,..,..,..,..,..,..,..,..,..,..,..,..,..,..,..,..,..,..,..,..,..,..,..,..,..,..,..,..,..,..,..,..,..,..,..
Women whose first experience of spousal physical or sexual violence was within ten years of marriage  (% of currently married women age 15-49 who have been married only once),SG.VAW.IPVE.M10.ZS,United States,USA,..,..,..,..,..,..,..,..,..,..,..,..,..,..,..,..,..,..,..,..,..,..,..,..,..,..,..,..,..,..,..,..,..,..,..,..,..,..,..,..,..,..,..,..,..,..,..,..,..,..
Women whose first experience of spousal physical or sexual violence was within two years of marriage  (% of currently married women age 15-49 who have been married only once),SG.VAW.IPVE.M2.ZS,United States,USA,..,..,..,..,..,..,..,..,..,..,..,..,..,..,..,..,..,..,..,..,..,..,..,..,..,..,..,..,..,..,..,..,..,..,..,..,..,..,..,..,..,..,..,..,..,..,..,..,..,..
Decision maker about a woman's own health care: mainly husband (% of women age 15-49),SG.DMK.HLTH.HB.ZS,United States,USA,..,..,..,..,..,..,..,..,..,..,..,..,..,..,..,..,..,..,..,..,..,..,..,..,..,..,..,..,..,..,..,..,..,..,..,..,..,..,..,..,..,..,..,..,..,..,..,..,..,..
Decision maker about a woman's own health care: mainly wife (% of women age 15-49),SG.DMK.HLTH.WF.ZS,United States,USA,..,..,..,..,..,..,..,..,..,..,..,..,..,..,..,..,..,..,..,..,..,..,..,..,..,..,..,..,..,..,..,..,..,..,..,..,..,..,..,..,..,..,..,..,..,..,..,..,..,..
Decision maker about a woman's own health care: other (% of women age 15-49),SG.DMK.HLTH.OT.ZS,United States,USA,..,..,..,..,..,..,..,..,..,..,..,..,..,..,..,..,..,..,..,..,..,..,..,..,..,..,..,..,..,..,..,..,..,..,..,..,..,..,..,..,..,..,..,..,..,..,..,..,..,..
Decision maker about a woman's own health care: someone else (% of women age 15-49),SG.DMK.HLTH.SE.ZS,United States,USA,..,..,..,..,..,..,..,..,..,..,..,..,..,..,..,..,..,..,..,..,..,..,..,..,..,..,..,..,..,..,..,..,..,..,..,..,..,..,..,..,..,..,..,..,..,..,..,..,..,..
Decision maker about a woman's own health care: wife and husband jointly (% of women age 15-49),SG.DMK.HLTH.WH.ZS,United States,USA,..,..,..,..,..,..,..,..,..,..,..,..,..,..,..,..,..,..,..,..,..,..,..,..,..,..,..,..,..,..,..,..,..,..,..,..,..,..,..,..,..,..,..,..,..,..,..,..,..,..
Dismissal of pregnant workers is prohibited (1=yes; 0=no),SG.DML.PRGW,United States,USA,1,1,1,1,1,1,1,1,1,1,1,1,1,1,1,1,1,1,1,1,1,1,1,1,1,1,1,1,1,1,1,1,1,1,1,1,1,1,1,1,1,1,1,1,1,0,0,0,0,0
Fertility planning status: unwanted pregnancy (% of births),SH.FPL.UWTD.ZS,United States,USA,..,..,..,..,..,..,..,..,..,..,..,..,..,..,..,..,..,..,..,..,..,..,..,..,..,..,..,..,..,..,..,..,..,..,..,..,..,..,..,..,..,..,..,..,..,..,..,..,..,..
Fertility planning status: planned pregnancy (% of births),SH.FPL.WNTD.ZS,United States,USA,..,..,..,..,..,..,..,..,..,..,..,..,..,..,..,..,..,..,..,..,..,..,..,..,..,..,..,..,..,..,..,..,..,..,..,..,..,..,..,..,..,..,..,..,..,..,..,..,..,..
Fertility planning status: mistimed pregnancy (% of births),SH.FPL.MSTM.ZS,United States,USA,..,..,..,..,..,..,..,..,..,..,..,..,..,..,..,..,..,..,..,..,..,..,..,..,..,..,..,..,..,..,..,..,..,..,..,..,..,..,..,..,..,..,..,..,..,..,..,..,..,..
"Labor force participation rate for ages 15-24, female (%) (modeled ILO estimate)",SL.TLF.ACTI.1524.FE.ZS,United States,USA,50.747,49.673,49.573,48.373,50.136,49.564,49.336,48.9,48.9,48.709,48.618,48.364,48.436,48.682,50.209,51.364,52,52.6,53.255,53.327,53.845,55.509,56.364,57.273,57.191,57.582,57.209,56.718,56.809,57.036,56.364,56.182,56.091,..,..,..,..,..,..,..,..,..,..,..,..,..,..,..,..,..
"Labor force participation rate for ages 15-24, female (%) (national estimate)",SL.TLF.ACTI.1524.FE.NE.ZS,United States,USA,55.918,54.644,54.526,53.212,55.146,54.521,54.266,53.787,53.794,53.581,53.48,53.201,53.276,53.554,55.228,56.498,57.196,57.861,58.575,58.663,59.229,61.055,62.002,63,62.909,63.341,62.928,62.393,62.485,62.742,62,61.8,61.7,62.9,64.4,64.5,64.6,64.3,63.7,62.8,61.9,62,61.9,58.07,62.5,61.7,59.6,58,57.2,56.6
"Labor force participation rate for ages 15-24, male (%) (modeled ILO estimate)",SL.TLF.ACTI.1524.MA.ZS,United States,USA,51.315,51.355,51.373,49.636,51.455,50.818,51.5,51.382,51.073,51.282,51.445,51.391,51.464,51.591,53.155,55.473,55.936,57.564,57.227,57.809,58.055,59.536,60.936,62.355,61.845,62.145,62.227,62.727,63.982,63.955,63.818,64.091,64,..,..,..,..,..,..,..,..,..,..,..,..,..,..,..,..,..
"Labor force participation rate for ages 15-24, male (%) (national estimate)",SL.TLF.ACTI.1524.MA.NE.ZS,United States,USA,56.579,56.487,56.505,54.597,56.599,55.901,56.649,56.521,56.181,56.411,56.594,56.535,56.605,56.751,58.466,61.015,61.535,63.321,62.947,63.586,63.862,65.489,67.033,68.586,68.027,68.356,68.446,68.998,70.381,70.35,70.2,70.5,70.4,71.8,73,72.4,72.3,73,73,72.8,72.5,72.6,73.7,69.08,75,74.9,74.1,72.9,72.4,73.7
"Labor force participation rate for ages 15-24, total (%) (modeled ILO estimate)",SL.TLF.ACTI.1524.ZS,United States,USA,51.037,50.531,50.491,49.018,50.809,50.204,50.441,50.167,50.01,50.023,50.063,49.912,49.985,50.171,51.718,53.471,54.022,55.151,55.295,55.627,56.005,57.576,58.711,59.88,59.578,59.922,59.782,59.798,60.482,60.577,60.179,60.23,60.137,..,..,..,..,..,..,..,..,..,..,..,..,..,..,..,..,..
"Labor force participation rate for ages 15-24, total (%) (national estimate)",SL.TLF.ACTI.1524.NE.ZS,United States,USA,56.251,55.57,55.519,53.907,55.876,55.216,55.466,55.165,54.996,55.008,55.05,54.881,54.969,55.166,56.859,58.777,59.389,60.617,60.78,61.144,61.557,63.285,64.527,65.806,65.477,65.872,65.711,65.705,66.438,66.547,66.1,66.1,66,67.3,68.6,68.4,68.4,68.6,68.3,67.7,67.1,67.2,67.7,63.61,68.6,68.2,66.7,65.3,64.6,64.9
"Labor force participation rate, female (% of female population ages 15+) (modeled ILO estimate)",SL.TLF.CACT.FE.ZS,United States,USA,56.511,55.977,55.588,55.7,56.885,56.497,56.406,56.135,56.002,56.215,56.364,56.799,57.053,57.604,58.174,58.434,58.225,58.302,58.195,58.082,58.351,58.486,58.681,58.857,58.717,58.532,58.518,57.922,57.607,57.369,56.407,56.266,55.834,..,..,..,..,..,..,..,..,..,..,..,..,..,..,..,..,..
"Labor force participation rate, female (% of female population ages 15+) (national estimate)",SL.TLF.CACT.FE.NE.ZS,United States,USA,57.332,56.788,56.091,56.201,57.429,57.078,57.035,56.801,56.677,56.974,57.206,57.684,58.104,58.623,59.195,59.471,59.308,59.363,59.255,59.164,59.505,59.622,59.787,59.942,60.034,59.847,59.898,59.343,59.048,58.862,57.9,57.8,57.4,57.5,57.4,56.6,56,55.3,54.5,53.6,52.9,52.6,52.1,49.92,50.9,50,48.4,47.3,46.3,45.7
"Labor force participation rate, female (% of female population ages 15-64) (modeled ILO estimate)",SL.TLF.ACTI.FE.ZS,United States,USA,..,67.73,66.967,66.605,67.617,66.97,66.682,66.08,65.706,65.9,65.951,66.359,66.519,67.08,67.687,67.954,67.739,67.987,67.893,67.853,68.307,68.701,69.065,69.396,69.427,69.38,69.463,68.83,68.466,68.146,67.233,67.025,66.393,..,..,..,..,..,..,..,..,..,..,..,..,..,..,..,..,..
"Labor force participation rate, male (% of male population ages 15+) (modeled ILO estimate)",SL.TLF.CACT.MA.ZS,United States,USA,67.388,67.236,67.043,67.116,68.559,68.449,68.418,68.513,68.36,68.406,68.794,69.119,69.151,69.651,70.385,71.372,71.584,71.868,71.755,71.748,71.906,72.517,72.929,73.378,73.296,73.368,73.523,73.468,73.476,73.549,73.919,74.297,74.258,..,..,..,..,..,..,..,..,..,..,..,..,..,..,..,..,..
"Labor force participation rate, male (% of male population ages 15+) (national estimate)",SL.TLF.CACT.MA.NE.ZS,United States,USA,68.118,67.97,67.599,67.664,69.154,69.055,69.069,69.189,69.05,69.214,69.728,70.159,70.475,71.184,71.952,72.953,73.223,73.464,73.323,73.326,73.508,74.102,74.443,74.81,74.72,74.889,75.086,75.032,75.05,75.123,75.4,75.8,75.8,76.4,76.4,76.2,76.2,76.3,76.3,76.4,76.4,76.6,77,75.14,77.8,77.9,77.7,77.5,77.9,78.7
"Labor force participation rate, male (% of male population ages 15-64) (modeled ILO estimate)",SL.TLF.ACTI.MA.ZS,United States,USA,..,77.584,77.142,76.798,78.078,77.805,77.556,77.354,77.03,77.033,77.217,77.364,77.301,77.834,78.588,79.662,79.916,80.207,80.11,80.181,80.394,81.204,81.686,82.205,82.306,82.492,82.547,82.506,82.454,82.393,82.899,83.161,83.064,..,..,..,..,..,..,..,..,..,..,..,..,..,..,..,..,..
"Labor force participation rate, total (% of total population ages 15+) (modeled ILO estimate)",SL.TLF.CACT.ZS,United States,USA,61.856,61.511,61.221,61.316,62.628,62.373,62.307,62.211,62.062,62.188,62.447,62.822,62.961,63.483,64.132,64.747,64.743,64.92,64.808,64.744,64.957,65.323,65.623,65.927,65.809,65.742,65.804,65.466,65.303,65.211,64.889,64.994,64.746,..,..,..,..,..,..,..,..,..,..,..,..,..,..,..,..,..
"Labor force participation rate, total (% of total population ages 15+) (national estimate)",SL.TLF.CACT.NE.ZS,United States,USA,62.604,62.236,61.659,61.746,63.1,62.871,62.851,62.786,62.651,62.885,63.249,63.701,64.109,64.706,65.37,65.994,66.04,66.179,66.047,65.994,66.244,66.582,66.824,67.074,67.083,67.086,67.204,66.868,66.718,66.658,66.3,66.4,66.2,66.5,66.5,65.9,65.6,65.3,64.8,64.4,64,64,63.9,61.96,63.7,63.2,62.3,61.6,61.2,61.3
"Labor force participation rate, total (% of total population ages 15-64) (modeled ILO estimate)",SL.TLF.ACTI.ZS,United States,USA,..,72.675,72.073,71.72,72.865,72.401,72.128,71.721,71.366,71.459,71.571,71.841,71.883,72.427,73.108,73.777,73.797,74.067,73.972,73.988,74.324,74.928,75.354,75.78,75.842,75.909,75.98,75.643,75.438,75.252,75.052,75.08,74.712,..,..,..,..,..,..,..,..,..,..,..,..,..,..,..,..,..
"Labor force, female",SL.TLF.TOTL.FE.IN,United States,USA,79264777,77826439,76695269,76441855,77114853,76125670,75522608,74636949,73873817,73562348,73187084,73223901,73003304,73107787,73097370,72669286,71616301,70904859,69946777,69018356,68566320,68013736,67496511,66952591,66030356,65077574,64306151,62870490,61779243,60788192,59073860,58236903,57113147,..,..,..,..,..,..,..,..,..,..,..,..,..,..,..,..,..
"Labor force, female (% of total labor force)",SL.TLF.TOTL.FE.ZS,United States,USA,46.4615618428691,46.272892239166,46.1491848958517,46.1489327204432,46.1487834708058,46.0510839800442,46.0583671944459,45.9449433839313,45.9858468641112,46.1089907913394,46.0847223707052,46.2117946260856,46.3679518408933,46.4596727619925,46.4471228517735,46.213706923006,46.0544135728248,45.9961195168971,46.0040906394035,45.9775968922828,46.0528382892819,45.903570002811,45.8534600516744,45.8060414236429,45.8208742817167,45.7652541302941,45.7441677105606,45.5401242273043,45.4340329654644,45.3383851099691,44.8234223173021,44.6645325026761,44.5229512872785,..,..,..,..,..,..,..,..,..,..,..,..,..,..,..,..,..
"Labor force, male",SL.TLF.TOTL.MA.IN,United States,USA,91339202,90363907,89494369,89201015,89984826,89180082,88448063,87810081,86771166,85976740,85623916,85228905,84438937,84249185,84281386,84576664,83887025,83248830,82097847,81094676,80319464,80153608,79703778,79213968,78074869,77120869,76272668,75185189,74196171,73287430,72718908,72151019,71164400,..,..,..,..,..,..,..,..,..,..,..,..,..,..,..,..,..
"Labor force, total",SL.TLF.TOTL.IN,United States,USA,170602911,168190133,166189867,165641653,167100511,165307010,163971527,162448669,160644681,159540139,158809862,158452840,157443452,157357516,157377606,157246174,155503665,154154002,152044690,150113013,148886198,148166550,147200475,146165416,144105404,142198651,140577814,138055157,135975697,134076659,131792391,130387356,128277990,..,..,..,..,..,..,..,..,..,..,..,..,..,..,..,..,..
Law mandates equal remuneration for females and males for work of equal value (1=yes; 0=no),SG.LAW.EQRM.WK,United States,USA,0,0,0,0,0,0,0,0,0,0,0,0,0,0,0,0,0,0,0,0,0,0,0,0,0,0,0,0,0,0,0,0,0,0,0,0,0,0,0,0,0,0,0,0,0,0,0,0,0,0
Learning-Adjusted Years of School,HD.HCI.LAYS,United States,USA,..,..,..,10.556770324707,..,10.7797451019287,11.14,..,..,..,..,..,..,10.3524398803711,..,..,..,..,..,..,..,..,..,..,..,..,..,..,..,..,..,..,..,..,..,..,..,..,..,..,..,..,..,..,..,..,..,..,..,..
"Learning-Adjusted Years of School, Female",HD.HCI.LAYS.FE,United States,USA,..,..,..,10.6417169570923,..,10.8333539962769,11.19,..,..,..,..,..,..,10.350175857544,..,..,..,..,..,..,..,..,..,..,..,..,..,..,..,..,..,..,..,..,..,..,..,..,..,..,..,..,..,..,..,..,..,..,..,..
"Learning-Adjusted Years of School, Male",HD.HCI.LAYS.MA,United States,USA,..,..,..,10.4759178161621,..,10.728461265564,11.09,..,..,..,..,..,..,10.3541088104248,..,..,..,..,..,..,..,..,..,..,..,..,..,..,..,..,..,..,..,..,..,..,..,..,..,..,..,..,..,..,..,..,..,..,..,..
The law is free of legal provisions that require a married woman to obey her husband (1=yes; 0=no),SG.LAW.OBHB.MR.NO,United States,USA,1,1,1,1,1,1,1,1,1,1,1,1,1,1,1,1,1,1,1,1,1,1,1,1,1,1,1,1,1,1,1,1,1,1,1,1,1,1,1,1,1,1,1,1,1,1,1,1,1,1
There is legislation on sexual harassment in employment (1=yes; 0=no),SG.LEG.SXHR.EM,United States,USA,1,1,1,1,1,1,1,1,1,1,1,1,1,1,1,1,1,1,1,1,1,1,1,1,1,1,1,1,1,1,1,1,1,1,1,1,1,1,1,1,1,1,1,0,0,0,0,0,0,0
"Time-related underemployment, female (% of employment)",SL.EMP.UNDR.FE.ZS,United States,USA,0.602,0.569,0.785,2.214,0.637,0.646,0.636,0.668,0.673,0.746,0.893,0.864,0.95,0.989,1.255,0.963,0.737,0.704,0.707,0.756,0.814,0.794,0.766,0.673,0.689,0.677,0.705,0.762,0.814,0.71,..,..,..,..,..,..,..,..,..,..,..,..,..,..,..,..,..,..,..,..
"Time-related underemployment, male (% of employment)",SL.EMP.UNDR.MA.ZS,United States,USA,0.866,0.856,1.057,2.409,0.796,0.821,0.843,0.973,0.978,1.097,1.239,1.334,1.573,1.846,2.445,1.746,1.197,1.063,1.091,1.169,1.24,1.201,1.083,0.861,0.832,0.913,1.006,1.04,1.103,1.092,..,..,..,..,..,..,..,..,..,..,..,..,..,..,..,..,..,..,..,..
Unemployment with advanced education (% of total labor force with advanced education),SL.UEM.ADVN.ZS,United States,USA,2.373,2.321,3.576,5.591,2.38,2.45,2.686,2.908,3.032,3.691,4.322,4.741,5.136,5.474,5.337,3.013,2.42,2.427,2.711,3.099,3.456,3.328,2.563,1.934,2.117,2.063,2.295,2.667,2.845,3.004,..,..,..,..,..,..,..,..,..,..,..,..,..,..,..,..,..,..,..,..
"Unemployment with advanced education, female (% of female labor force with advanced education)",SL.UEM.ADVN.FE.ZS,United States,USA,2.323,2.317,3.579,5.96,2.411,2.483,2.793,2.959,3.149,3.821,4.45,4.986,5.17,5.256,5.028,3.097,2.499,2.517,2.794,3.06,3.25,3.174,2.587,2.095,2.148,2.283,2.462,2.859,3.043,3.174,..,..,..,..,..,..,..,..,..,..,..,..,..,..,..,..,..,..,..,..
"Unemployment with advanced education, male (% of male labor force with advanced education)",SL.UEM.ADVN.MA.ZS,United States,USA,2.425,2.325,3.573,5.203,2.348,2.416,2.575,2.856,2.913,3.556,4.192,4.493,5.102,5.695,5.645,2.931,2.343,2.34,2.632,3.136,3.648,3.47,2.541,1.789,2.088,1.867,2.147,2.498,2.675,2.858,..,..,..,..,..,..,..,..,..,..,..,..,..,..,..,..,..,..,..,..
Unemployment with basic education (% of total labor force with basic education),SL.UEM.BASC.ZS,United States,USA,5.591,5.507,8.056,11.724,5.396,5.872,6.551,7.492,7.76,8.839,10.811,12.739,13.601,15.274,14.852,10.463,7.952,8.126,8.804,9.884,10.321,10.107,9.67,8.666,9.31,9.532,10.339,11.389,12.039,12.596,..,..,..,..,..,..,..,..,..,..,..,..,..,..,..,..,..,..,..,..
"Unemployment with basic education, female (% of female labor force with basic education)",SL.UEM.BASC.FE.ZS,United States,USA,6.838,6.417,9.765,13.986,6.852,7.078,8.025,9.69,8.985,11.553,13.084,14.826,15.624,15.755,15.151,11.615,9.257,10.018,11.647,12.706,12.281,12.087,11.722,10.582,11.297,11.308,12.349,13.796,13.755,14.353,..,..,..,..,..,..,..,..,..,..,..,..,..,..,..,..,..,..,..,..
"Unemployment with basic education, male (% of male labor force with basic education)",SL.UEM.BASC.MA.ZS,United States,USA,4.942,5.047,7.15,10.523,4.59,5.219,5.738,6.313,7.118,7.416,9.644,11.597,12.537,15.027,14.695,9.886,7.308,7.186,7.392,8.437,9.284,9.055,8.544,7.619,8.179,8.554,9.275,10.066,11.091,11.637,..,..,..,..,..,..,..,..,..,..,..,..,..,..,..,..,..,..,..,..
Unemployment with intermediate education (% of total labor force with intermediate education),SL.UEM.INTM.ZS,United States,USA,4.888,4.96,7.076,10.457,4.84,5.172,5.766,6.471,7.087,8.091,9.68,10.416,11.569,12.323,11.731,7.416,5.895,5.829,6.352,6.743,7.233,6.941,5.627,4.792,5.006,5.458,5.997,6.423,6.556,7.145,..,..,..,..,..,..,..,..,..,..,..,..,..,..,..,..,..,..,..,..
"Unemployment with intermediate education, female (% of female labor force with intermediate education)",SL.UEM.INTM.FE.ZS,United States,USA,4.737,5.122,7.053,11.095,4.822,5.192,5.733,6.405,6.997,7.927,9.207,10.128,10.91,11.025,10.129,6.894,5.723,5.836,6.319,6.534,6.835,6.754,5.467,4.861,5.156,5.501,6.021,6.31,6.485,6.946,..,..,..,..,..,..,..,..,..,..,..,..,..,..,..,..,..,..,..,..
"Unemployment with intermediate education, male (% of male labor force with intermediate education)",SL.UEM.INTM.MA.ZS,United States,USA,5.003,4.836,7.094,9.971,4.854,5.156,5.791,6.524,7.159,8.223,10.063,10.651,12.106,13.389,13.06,7.852,6.04,5.823,6.379,6.924,7.579,7.106,5.769,4.732,4.872,5.42,5.975,6.523,6.619,7.32,..,..,..,..,..,..,..,..,..,..,..,..,..,..,..,..,..,..,..,..
"Unemployment, female (% of female labor force) (modeled ILO estimate)",SL.UEM.TOTL.FE.ZS,United States,USA,3.475,3.612,5.21,8.346,3.611,3.841,4.311,4.789,5.177,6.062,7.069,7.887,8.462,8.614,8.062,5.415,4.496,4.625,5.096,5.4,5.667,5.607,4.649,4.098,4.345,4.618,5.071,5.466,5.672,6.054,6.57,7.002,6.359,..,..,..,..,..,..,..,..,..,..,..,..,..,..,..,..,..
"Unemployment, female (% of female labor force) (national estimate)",SL.UEM.TOTL.FE.NE.ZS,United States,USA,3.454,3.614,5.215,8.345,3.61,3.838,4.309,4.789,5.179,6.06,7.076,7.893,8.463,8.621,8.069,5.422,4.502,4.627,5.097,5.398,5.665,5.613,4.654,4.098,4.338,4.62,5.074,5.47,5.671,6.053,6.6,7,6.4,5.5,5.4,5.6,6.2,7.1,7.4,7.6,9.2,9.4,7.9,7.4,6.8,7.2,8.2,8.6,9.3,6.7
"Unemployment, male (% of male labor force) (modeled ILO estimate)",SL.UEM.TOTL.MA.ZS,United States,USA,3.798,3.682,5.47,7.796,3.721,3.951,4.401,4.939,5.367,6.262,7.628,8.227,9.372,10.512,10.28,6.094,4.726,4.615,5.066,5.64,6.266,5.927,4.799,3.898,4.114,4.419,4.941,5.436,5.632,6.174,7.168,7.902,7.154,..,..,..,..,..,..,..,..,..,..,..,..,..,..,..,..,..
"Unemployment, male (% of male labor force) (national estimate)",SL.UEM.TOTL.MA.NE.ZS,United States,USA,3.8,3.681,5.468,7.797,3.722,3.947,4.396,4.94,5.369,6.262,7.638,8.225,9.374,10.521,10.294,6.1,4.726,4.619,5.072,5.642,6.271,5.931,4.799,3.9,4.115,4.416,4.937,5.435,5.633,6.175,7.2,7.9,7.2,5.7,5.2,5.5,6.2,6.9,7,7.4,9.9,9.9,7.4,6.9,5.1,5.3,6.3,7.1,7.9,4.9
"Unemployment, total (% of total labor force) (modeled ILO estimate)",SL.UEM.TOTL.ZS,United States,USA,3.648,3.65,5.35,8.05,3.67,3.9,4.36,4.87,5.28,6.17,7.37,8.07,8.95,9.63,9.25,5.78,4.62,4.62,5.08,5.53,5.99,5.78,4.73,3.99,4.22,4.51,5,5.45,5.65,6.12,6.9,7.5,6.8,..,..,..,..,..,..,..,..,..,..,..,..,..,..,..,..,..
"Unemployment, total (% of total labor force) (national estimate)",SL.UEM.TOTL.NE.ZS,United States,USA,3.638,3.65,5.349,8.055,3.669,3.896,4.355,4.869,5.28,6.168,7.375,8.069,8.949,9.633,9.254,5.784,4.622,4.623,5.084,5.529,5.989,5.783,4.731,3.992,4.219,4.511,5,5.451,5.65,6.119,6.9,7.5,6.8,5.6,5.3,5.5,6.2,7,7.2,7.5,9.6,9.7,7.6,7.1,5.8,6.1,7.1,7.7,8.5,5.6
"Unemployment, youth female (% of female labor force ages 15-24) (modeled ILO estimate)",SL.UEM.1524.FE.ZS,United States,USA,7.033,7.437,8.865,14.794,7.313,7.657,8.079,9.307,10.368,12.152,13.886,14.624,15.679,15.764,14.809,11.115,9.366,9.637,10.086,10.939,11.362,11.039,9.565,8.879,9.468,9.736,10.904,11.391,11.761,11.788,12.309,12.96,12.391,..,..,..,..,..,..,..,..,..,..,..,..,..,..,..,..,..
"Unemployment, youth female (% of female labor force ages 15-24) (national estimate)",SL.UEM.1524.FE.NE.ZS,United States,USA,7.095,7.467,8.9,14.836,7.342,7.671,8.088,9.34,10.402,12.173,13.925,14.661,15.73,15.836,14.886,11.183,9.432,9.695,10.131,10.975,11.419,11.103,9.612,8.922,9.462,9.757,10.929,11.428,11.771,11.799,12.3,13.1,12.5,10.7,10.4,10.6,11.7,12.8,13,13.3,15.8,16.2,14,13,12.2,12.9,14,14.6,15.5,12.4
"Unemployment, youth male (% of male labor force ages 15-24) (modeled ILO estimate)",SL.UEM.1524.MA.ZS,United States,USA,8.876,8.707,10.484,14.946,9.359,9.508,10.313,11.414,12.742,14.528,17.004,17.613,18.673,20.669,19.937,14.183,11.423,11.112,12.23,12.539,13.211,12.703,11.312,9.62,10.255,10.989,11.841,12.616,12.477,13.119,14.261,15.298,14.276,..,..,..,..,..,..,..,..,..,..,..,..,..,..,..,..,..
"Unemployment, youth male (% of male labor force ages 15-24) (national estimate)",SL.UEM.1524.MA.NE.ZS,United States,USA,8.758,8.763,10.524,15.001,9.405,9.519,10.321,11.445,12.776,14.541,17.053,17.647,18.745,20.827,20.127,14.359,11.554,11.236,12.386,12.639,13.355,12.82,11.427,9.716,10.298,11.063,11.905,12.722,12.558,13.199,14.3,15.3,14.3,11.6,11.4,11.4,12.6,13.7,14.1,14.4,18.4,19.1,15.7,14.6,11.4,11.7,13.3,14.8,16.6,11.5
"Unemployment, youth total (% of total labor force ages 15-24) (modeled ILO estimate)",SL.UEM.1524.ZS,United States,USA,7.978,8.096,9.706,14.873,8.371,8.613,9.244,10.409,11.606,13.396,15.524,16.198,17.257,18.346,17.509,12.748,10.459,10.428,11.226,11.792,12.345,11.922,10.496,9.275,9.887,10.403,11.404,12.05,12.149,12.507,13.369,14.234,13.418,..,..,..,..,..,..,..,..,..,..,..,..,..,..,..,..,..
"Unemployment, youth total (% of total labor force ages 15-24) (national estimate)",SL.UEM.1524.NE.ZS,United States,USA,7.938,8.129,9.73,14.92,8.392,8.613,9.237,10.427,11.624,13.397,15.546,16.211,17.309,18.424,17.601,12.846,10.543,10.508,11.309,11.847,12.428,11.997,10.558,9.338,9.898,10.441,11.442,12.109,12.188,12.539,13.4,14.2,13.4,11.2,10.9,11,12.2,13.3,13.6,13.9,17.2,17.8,14.9,13.9,11.8,12.3,13.6,14.7,16.1,11.9
"Vulnerable employment, female (% of female employment) (modeled ILO estimate)",SL.EMP.VULN.FE.ZS,United States,USA,..,2.91669154377114,3.0351170177623,2.84266147057203,2.76659975243916,2.8598783843219,2.88162785175981,2.89006828188113,2.92414877075054,2.91796136511385,2.99166074501849,3.04526981085675,3.07540075132294,3.15526573184982,3.14208080009207,3.09028528847578,3.18941813849521,3.23997137505805,3.26558153329263,3.32262234760226,3.31664522298257,3.18698664998447,3.25128618820882,3.28350976484314,3.3291104905596,3.47054440358595,3.66443370121243,3.74203707885238,3.78021333050432,3.90305199877687,4.01875520276969,4.01329417814521,4.16130609653812,..,..,..,..,..,..,..,..,..,..,..,..,..,..,..,..,..
"Vulnerable employment, male (% of male employment) (modeled ILO estimate)",SL.EMP.VULN.MA.ZS,United States,USA,..,5.5158008013163,5.79961794130631,5.57287837127708,5.30243981755552,5.46817822517712,5.52294969090401,5.55510916589044,5.60469106933315,5.61739623031429,5.74879755762791,5.86157141109901,5.91041102260609,6.08132182804768,6.0898403760353,5.9768927615935,6.10262003895132,6.23751469880259,6.3086433149222,6.40713147594263,6.38338844808573,6.20127007040101,6.29261743935182,6.36744385751249,6.45985421145257,6.72277958703024,7.0040459029443,7.15293445536603,7.22500212081969,7.43566029094667,7.40766342917225,7.27665346161935,7.51909259438546,..,..,..,..,..,..,..,..,..,..,..,..,..,..,..,..,..
"Vulnerable employment, total (% of total employment) (modeled ILO estimate)",SL.EMP.VULN.ZS,United States,USA,..,4.31265123254802,4.52193369157228,4.31698414392114,4.13145459244893,4.26627835035971,4.30576553848158,4.3295952840309,4.37069235145997,4.37127868952848,4.47406313589769,4.55751247750481,4.58881246233375,4.70658486305478,4.70278737395896,4.63771946172557,4.75920883156725,4.85883327890965,4.90894884360759,4.98700759244585,4.96619427510668,4.81506359573702,4.8968709780332,4.95641670963934,5.02718954999013,5.23607419229568,5.47751939269692,5.59987586310482,5.66024828551931,5.83290356338587,5.88326860824125,5.8112481732906,6.01703481978683,..,..,..,..,..,..,..,..,..,..,..,..,..,..,..,..,..
"Women making their own informed decisions regarding sexual relations, contraceptive use and reproductive health care  (% of women age 15-49)",SG.DMK.SRCR.FN.ZS,United States,USA,..,..,..,..,..,..,..,..,..,..,..,..,..,..,..,..,..,..,..,..,..,..,..,..,..,..,..,..,..,..,..,..,..,..,..,..,..,..,..,..,..,..,..,..,..,..,..,..,..,..
Women who believe a husband is justified in beating his wife (any of five reasons) (%),SG.VAW.REAS.ZS,United States,USA,..,..,..,..,..,..,..,..,..,..,..,..,..,..,..,..,..,..,..,..,..,..,..,..,..,..,..,..,..,..,..,..,..,..,..,..,..,..,..,..,..,..,..,..,..,..,..,..,..,..
Women who believe a husband is justified in beating his wife (any of five reasons) (%): Q1 (lowest),SG.VAW.REAS.Q1.ZS,United States,USA,..,..,..,..,..,..,..,..,..,..,..,..,..,..,..,..,..,..,..,..,..,..,..,..,..,..,..,..,..,..,..,..,..,..,..,..,..,..,..,..,..,..,..,..,..,..,..,..,..,..
Women who believe a husband is justified in beating his wife (any of five reasons) (%): Q2,SG.VAW.REAS.Q2.ZS,United States,USA,..,..,..,..,..,..,..,..,..,..,..,..,..,..,..,..,..,..,..,..,..,..,..,..,..,..,..,..,..,..,..,..,..,..,..,..,..,..,..,..,..,..,..,..,..,..,..,..,..,..
Women who believe a husband is justified in beating his wife (any of five reasons) (%): Q3,SG.VAW.REAS.Q3.ZS,United States,USA,..,..,..,..,..,..,..,..,..,..,..,..,..,..,..,..,..,..,..,..,..,..,..,..,..,..,..,..,..,..,..,..,..,..,..,..,..,..,..,..,..,..,..,..,..,..,..,..,..,..
Women who believe a husband is justified in beating his wife (any of five reasons) (%): Q4,SG.VAW.REAS.Q4.ZS,United States,USA,..,..,..,..,..,..,..,..,..,..,..,..,..,..,..,..,..,..,..,..,..,..,..,..,..,..,..,..,..,..,..,..,..,..,..,..,..,..,..,..,..,..,..,..,..,..,..,..,..,..
Women who believe a husband is justified in beating his wife (any of five reasons) (%): Q5 (highest),SG.VAW.REAS.Q5.ZS,United States,USA,..,..,..,..,..,..,..,..,..,..,..,..,..,..,..,..,..,..,..,..,..,..,..,..,..,..,..,..,..,..,..,..,..,..,..,..,..,..,..,..,..,..,..,..,..,..,..,..,..,..
Women who believe a husband is justified in beating his wife when she argues with him (%),SG.VAW.ARGU.ZS,United States,USA,..,..,..,..,..,..,..,..,..,..,..,..,..,..,..,..,..,..,..,..,..,..,..,..,..,..,..,..,..,..,..,..,..,..,..,..,..,..,..,..,..,..,..,..,..,..,..,..,..,..
Women who believe a husband is justified in beating his wife when she argues with him (%): Q1 (lowest),SG.VAW.ARGU.Q1.ZS,United States,USA,..,..,..,..,..,..,..,..,..,..,..,..,..,..,..,..,..,..,..,..,..,..,..,..,..,..,..,..,..,..,..,..,..,..,..,..,..,..,..,..,..,..,..,..,..,..,..,..,..,..
Women who believe a husband is justified in beating his wife when she argues with him (%): Q2,SG.VAW.ARGU.Q2.ZS,United States,USA,..,..,..,..,..,..,..,..,..,..,..,..,..,..,..,..,..,..,..,..,..,..,..,..,..,..,..,..,..,..,..,..,..,..,..,..,..,..,..,..,..,..,..,..,..,..,..,..,..,..
Women who believe a husband is justified in beating his wife when she argues with him (%): Q3,SG.VAW.ARGU.Q3.ZS,United States,USA,..,..,..,..,..,..,..,..,..,..,..,..,..,..,..,..,..,..,..,..,..,..,..,..,..,..,..,..,..,..,..,..,..,..,..,..,..,..,..,..,..,..,..,..,..,..,..,..,..,..
Women who believe a husband is justified in beating his wife when she argues with him (%): Q4,SG.VAW.ARGU.Q4.ZS,United States,USA,..,..,..,..,..,..,..,..,..,..,..,..,..,..,..,..,..,..,..,..,..,..,..,..,..,..,..,..,..,..,..,..,..,..,..,..,..,..,..,..,..,..,..,..,..,..,..,..,..,..
Women who believe a husband is justified in beating his wife when she argues with him (%): Q5 (highest),SG.VAW.ARGU.Q5.ZS,United States,USA,..,..,..,..,..,..,..,..,..,..,..,..,..,..,..,..,..,..,..,..,..,..,..,..,..,..,..,..,..,..,..,..,..,..,..,..,..,..,..,..,..,..,..,..,..,..,..,..,..,..
Women who believe a husband is justified in beating his wife when she burns the food (%),SG.VAW.BURN.ZS,United States,USA,..,..,..,..,..,..,..,..,..,..,..,..,..,..,..,..,..,..,..,..,..,..,..,..,..,..,..,..,..,..,..,..,..,..,..,..,..,..,..,..,..,..,..,..,..,..,..,..,..,..
Women who believe a husband is justified in beating his wife when she burns the food (%): Q1 (lowest),SG.VAW.BURN.Q1.ZS,United States,USA,..,..,..,..,..,..,..,..,..,..,..,..,..,..,..,..,..,..,..,..,..,..,..,..,..,..,..,..,..,..,..,..,..,..,..,..,..,..,..,..,..,..,..,..,..,..,..,..,..,..
Women who believe a husband is justified in beating his wife when she burns the food (%): Q2,SG.VAW.BURN.Q2.ZS,United States,USA,..,..,..,..,..,..,..,..,..,..,..,..,..,..,..,..,..,..,..,..,..,..,..,..,..,..,..,..,..,..,..,..,..,..,..,..,..,..,..,..,..,..,..,..,..,..,..,..,..,..
Women who believe a husband is justified in beating his wife when she burns the food (%): Q3,SG.VAW.BURN.Q3.ZS,United States,USA,..,..,..,..,..,..,..,..,..,..,..,..,..,..,..,..,..,..,..,..,..,..,..,..,..,..,..,..,..,..,..,..,..,..,..,..,..,..,..,..,..,..,..,..,..,..,..,..,..,..
Women who believe a husband is justified in beating his wife when she burns the food (%): Q4,SG.VAW.BURN.Q4.ZS,United States,USA,..,..,..,..,..,..,..,..,..,..,..,..,..,..,..,..,..,..,..,..,..,..,..,..,..,..,..,..,..,..,..,..,..,..,..,..,..,..,..,..,..,..,..,..,..,..,..,..,..,..
Women who believe a husband is justified in beating his wife when she burns the food (%): Q5 (highest),SG.VAW.BURN.Q5.ZS,United States,USA,..,..,..,..,..,..,..,..,..,..,..,..,..,..,..,..,..,..,..,..,..,..,..,..,..,..,..,..,..,..,..,..,..,..,..,..,..,..,..,..,..,..,..,..,..,..,..,..,..,..
Women who believe a husband is justified in beating his wife when she goes out without telling him (%),SG.VAW.GOES.ZS,United States,USA,..,..,..,..,..,..,..,..,..,..,..,..,..,..,..,..,..,..,..,..,..,..,..,..,..,..,..,..,..,..,..,..,..,..,..,..,..,..,..,..,..,..,..,..,..,..,..,..,..,..
Women who believe a husband is justified in beating his wife when she goes out without telling him (%): Q1 (lowest),SG.VAW.GOES.Q1.ZS,United States,USA,..,..,..,..,..,..,..,..,..,..,..,..,..,..,..,..,..,..,..,..,..,..,..,..,..,..,..,..,..,..,..,..,..,..,..,..,..,..,..,..,..,..,..,..,..,..,..,..,..,..
Women who believe a husband is justified in beating his wife when she goes out without telling him (%): Q2,SG.VAW.GOES.Q2.ZS,United States,USA,..,..,..,..,..,..,..,..,..,..,..,..,..,..,..,..,..,..,..,..,..,..,..,..,..,..,..,..,..,..,..,..,..,..,..,..,..,..,..,..,..,..,..,..,..,..,..,..,..,..
Women who believe a husband is justified in beating his wife when she goes out without telling him (%): Q3,SG.VAW.GOES.Q3.ZS,United States,USA,..,..,..,..,..,..,..,..,..,..,..,..,..,..,..,..,..,..,..,..,..,..,..,..,..,..,..,..,..,..,..,..,..,..,..,..,..,..,..,..,..,..,..,..,..,..,..,..,..,..
Women who believe a husband is justified in beating his wife when she goes out without telling him (%): Q4,SG.VAW.GOES.Q4.ZS,United States,USA,..,..,..,..,..,..,..,..,..,..,..,..,..,..,..,..,..,..,..,..,..,..,..,..,..,..,..,..,..,..,..,..,..,..,..,..,..,..,..,..,..,..,..,..,..,..,..,..,..,..
Women who believe a husband is justified in beating his wife when she goes out without telling him (%): Q5 (highest),SG.VAW.GOES.Q5.ZS,United States,USA,..,..,..,..,..,..,..,..,..,..,..,..,..,..,..,..,..,..,..,..,..,..,..,..,..,..,..,..,..,..,..,..,..,..,..,..,..,..,..,..,..,..,..,..,..,..,..,..,..,..
Women who believe a husband is justified in beating his wife when she neglects the children (%),SG.VAW.NEGL.ZS,United States,USA,..,..,..,..,..,..,..,..,..,..,..,..,..,..,..,..,..,..,..,..,..,..,..,..,..,..,..,..,..,..,..,..,..,..,..,..,..,..,..,..,..,..,..,..,..,..,..,..,..,..
Women who believe a husband is justified in beating his wife when she neglects the children (%): Q1 (lowest),SG.VAW.NEGL.Q1.ZS,United States,USA,..,..,..,..,..,..,..,..,..,..,..,..,..,..,..,..,..,..,..,..,..,..,..,..,..,..,..,..,..,..,..,..,..,..,..,..,..,..,..,..,..,..,..,..,..,..,..,..,..,..
Women who believe a husband is justified in beating his wife when she neglects the children (%): Q2,SG.VAW.NEGL.Q2.ZS,United States,USA,..,..,..,..,..,..,..,..,..,..,..,..,..,..,..,..,..,..,..,..,..,..,..,..,..,..,..,..,..,..,..,..,..,..,..,..,..,..,..,..,..,..,..,..,..,..,..,..,..,..
Women who believe a husband is justified in beating his wife when she neglects the children (%): Q3,SG.VAW.NEGL.Q3.ZS,United States,USA,..,..,..,..,..,..,..,..,..,..,..,..,..,..,..,..,..,..,..,..,..,..,..,..,..,..,..,..,..,..,..,..,..,..,..,..,..,..,..,..,..,..,..,..,..,..,..,..,..,..
Women who believe a husband is justified in beating his wife when she neglects the children (%): Q4,SG.VAW.NEGL.Q4.ZS,United States,USA,..,..,..,..,..,..,..,..,..,..,..,..,..,..,..,..,..,..,..,..,..,..,..,..,..,..,..,..,..,..,..,..,..,..,..,..,..,..,..,..,..,..,..,..,..,..,..,..,..,..
Women who believe a husband is justified in beating his wife when she neglects the children (%): Q5 (highest),SG.VAW.NEGL.Q5.ZS,United States,USA,..,..,..,..,..,..,..,..,..,..,..,..,..,..,..,..,..,..,..,..,..,..,..,..,..,..,..,..,..,..,..,..,..,..,..,..,..,..,..,..,..,..,..,..,..,..,..,..,..,..
Women who believe a husband is justified in beating his wife when she refuses sex with him (%),SG.VAW.REFU.ZS,United States,USA,..,..,..,..,..,..,..,..,..,..,..,..,..,..,..,..,..,..,..,..,..,..,..,..,..,..,..,..,..,..,..,..,..,..,..,..,..,..,..,..,..,..,..,..,..,..,..,..,..,..
Women who believe a husband is justified in beating his wife when she refuses sex with him (%): Q1 (lowest),SG.VAW.REFU.Q1.ZS,United States,USA,..,..,..,..,..,..,..,..,..,..,..,..,..,..,..,..,..,..,..,..,..,..,..,..,..,..,..,..,..,..,..,..,..,..,..,..,..,..,..,..,..,..,..,..,..,..,..,..,..,..
Women who believe a husband is justified in beating his wife when she refuses sex with him (%): Q2,SG.VAW.REFU.Q2.ZS,United States,USA,..,..,..,..,..,..,..,..,..,..,..,..,..,..,..,..,..,..,..,..,..,..,..,..,..,..,..,..,..,..,..,..,..,..,..,..,..,..,..,..,..,..,..,..,..,..,..,..,..,..
Women who believe a husband is justified in beating his wife when she refuses sex with him (%): Q3,SG.VAW.REFU.Q3.ZS,United States,USA,..,..,..,..,..,..,..,..,..,..,..,..,..,..,..,..,..,..,..,..,..,..,..,..,..,..,..,..,..,..,..,..,..,..,..,..,..,..,..,..,..,..,..,..,..,..,..,..,..,..
Women who believe a husband is justified in beating his wife when she refuses sex with him (%): Q4,SG.VAW.REFU.Q4.ZS,United States,USA,..,..,..,..,..,..,..,..,..,..,..,..,..,..,..,..,..,..,..,..,..,..,..,..,..,..,..,..,..,..,..,..,..,..,..,..,..,..,..,..,..,..,..,..,..,..,..,..,..,..
Women who believe a husband is justified in beating his wife when she refuses sex with him (%): Q5 (highest),SG.VAW.REFU.Q5.ZS,United States,USA,..,..,..,..,..,..,..,..,..,..,..,..,..,..,..,..,..,..,..,..,..,..,..,..,..,..,..,..,..,..,..,..,..,..,..,..,..,..,..,..,..,..,..,..,..,..,..,..,..,..
Women who believe a wife is justified refusing sex with her husband for all of the reasons (%),SG.RSX.REAS.ZS,United States,USA,..,..,..,..,..,..,..,..,..,..,..,..,..,..,..,..,..,..,..,..,..,..,..,..,..,..,..,..,..,..,..,..,..,..,..,..,..,..,..,..,..,..,..,..,..,..,..,..,..,..
Women who believe a wife is justified refusing sex with her husband for all of the reasons (%): Q1 (lowest),SG.RSX.REAS.Q1.ZS,United States,USA,..,..,..,..,..,..,..,..,..,..,..,..,..,..,..,..,..,..,..,..,..,..,..,..,..,..,..,..,..,..,..,..,..,..,..,..,..,..,..,..,..,..,..,..,..,..,..,..,..,..
Women who believe a wife is justified refusing sex with her husband for all of the reasons (%): Q2,SG.RSX.REAS.Q2.ZS,United States,USA,..,..,..,..,..,..,..,..,..,..,..,..,..,..,..,..,..,..,..,..,..,..,..,..,..,..,..,..,..,..,..,..,..,..,..,..,..,..,..,..,..,..,..,..,..,..,..,..,..,..
Women who believe a wife is justified refusing sex with her husband for all of the reasons (%): Q3,SG.RSX.REAS.Q3.ZS,United States,USA,..,..,..,..,..,..,..,..,..,..,..,..,..,..,..,..,..,..,..,..,..,..,..,..,..,..,..,..,..,..,..,..,..,..,..,..,..,..,..,..,..,..,..,..,..,..,..,..,..,..
Women who believe a wife is justified refusing sex with her husband for all of the reasons (%): Q4,SG.RSX.REAS.Q4.ZS,United States,USA,..,..,..,..,..,..,..,..,..,..,..,..,..,..,..,..,..,..,..,..,..,..,..,..,..,..,..,..,..,..,..,..,..,..,..,..,..,..,..,..,..,..,..,..,..,..,..,..,..,..
Women who believe a wife is justified refusing sex with her husband for all of the reasons (%): Q5 (highest),SG.RSX.REAS.Q5.ZS,United States,USA,..,..,..,..,..,..,..,..,..,..,..,..,..,..,..,..,..,..,..,..,..,..,..,..,..,..,..,..,..,..,..,..,..,..,..,..,..,..,..,..,..,..,..,..,..,..,..,..,..,..
Women who believe a wife is justified refusing sex with her husband for none of the reasons (%),SG.RSX.NORS.ZS,United States,USA,..,..,..,..,..,..,..,..,..,..,..,..,..,..,..,..,..,..,..,..,..,..,..,..,..,..,..,..,..,..,..,..,..,..,..,..,..,..,..,..,..,..,..,..,..,..,..,..,..,..
Women who believe a wife is justified refusing sex with her husband for none of the reasons (%): Q1 (lowest),SG.RSX.NORS.Q1.ZS,United States,USA,..,..,..,..,..,..,..,..,..,..,..,..,..,..,..,..,..,..,..,..,..,..,..,..,..,..,..,..,..,..,..,..,..,..,..,..,..,..,..,..,..,..,..,..,..,..,..,..,..,..
Women who believe a wife is justified refusing sex with her husband for none of the reasons (%): Q2,SG.RSX.NORS.Q2.ZS,United States,USA,..,..,..,..,..,..,..,..,..,..,..,..,..,..,..,..,..,..,..,..,..,..,..,..,..,..,..,..,..,..,..,..,..,..,..,..,..,..,..,..,..,..,..,..,..,..,..,..,..,..
Women who believe a wife is justified refusing sex with her husband for none of the reasons (%): Q3,SG.RSX.NORS.Q3.ZS,United States,USA,..,..,..,..,..,..,..,..,..,..,..,..,..,..,..,..,..,..,..,..,..,..,..,..,..,..,..,..,..,..,..,..,..,..,..,..,..,..,..,..,..,..,..,..,..,..,..,..,..,..
Women who believe a wife is justified refusing sex with her husband for none of the reasons (%): Q4,SG.RSX.NORS.Q4.ZS,United States,USA,..,..,..,..,..,..,..,..,..,..,..,..,..,..,..,..,..,..,..,..,..,..,..,..,..,..,..,..,..,..,..,..,..,..,..,..,..,..,..,..,..,..,..,..,..,..,..,..,..,..
Women who believe a wife is justified refusing sex with her husband for none of the reasons (%): Q5 (highest),SG.RSX.NORS.Q5.ZS,United States,USA,..,..,..,..,..,..,..,..,..,..,..,..,..,..,..,..,..,..,..,..,..,..,..,..,..,..,..,..,..,..,..,..,..,..,..,..,..,..,..,..,..,..,..,..,..,..,..,..,..,..
Women who believe a wife is justified refusing sex with her husband if she has recently given birth (%),SG.RSX.BRTH.ZS,United States,USA,..,..,..,..,..,..,..,..,..,..,..,..,..,..,..,..,..,..,..,..,..,..,..,..,..,..,..,..,..,..,..,..,..,..,..,..,..,..,..,..,..,..,..,..,..,..,..,..,..,..
Women who believe a wife is justified refusing sex with her husband if she has recently given birth (%): Q1 (lowest),SG.RSX.BRTH.Q1.ZS,United States,USA,..,..,..,..,..,..,..,..,..,..,..,..,..,..,..,..,..,..,..,..,..,..,..,..,..,..,..,..,..,..,..,..,..,..,..,..,..,..,..,..,..,..,..,..,..,..,..,..,..,..
Women who believe a wife is justified refusing sex with her husband if she has recently given birth (%): Q2,SG.RSX.BRTH.Q2.ZS,United States,USA,..,..,..,..,..,..,..,..,..,..,..,..,..,..,..,..,..,..,..,..,..,..,..,..,..,..,..,..,..,..,..,..,..,..,..,..,..,..,..,..,..,..,..,..,..,..,..,..,..,..
Women who believe a wife is justified refusing sex with her husband if she has recently given birth (%): Q3,SG.RSX.BRTH.Q3.ZS,United States,USA,..,..,..,..,..,..,..,..,..,..,..,..,..,..,..,..,..,..,..,..,..,..,..,..,..,..,..,..,..,..,..,..,..,..,..,..,..,..,..,..,..,..,..,..,..,..,..,..,..,..
Women who believe a wife is justified refusing sex with her husband if she has recently given birth (%): Q4,SG.RSX.BRTH.Q4.ZS,United States,USA,..,..,..,..,..,..,..,..,..,..,..,..,..,..,..,..,..,..,..,..,..,..,..,..,..,..,..,..,..,..,..,..,..,..,..,..,..,..,..,..,..,..,..,..,..,..,..,..,..,..
Women who believe a wife is justified refusing sex with her husband if she has recently given birth (%): Q5 (highest),SG.RSX.BRTH.Q5.ZS,United States,USA,..,..,..,..,..,..,..,..,..,..,..,..,..,..,..,..,..,..,..,..,..,..,..,..,..,..,..,..,..,..,..,..,..,..,..,..,..,..,..,..,..,..,..,..,..,..,..,..,..,..
Women who believe a wife is justified refusing sex with her husband if she is tired or not in the mood (%),SG.RSX.TIRD.ZS,United States,USA,..,..,..,..,..,..,..,..,..,..,..,..,..,..,..,..,..,..,..,..,..,..,..,..,..,..,..,..,..,..,..,..,..,..,..,..,..,..,..,..,..,..,..,..,..,..,..,..,..,..
Women who believe a wife is justified refusing sex with her husband if she is tired or not in the mood (%): Q1 (lowest),SG.RSX.TIRD.Q1.ZS,United States,USA,..,..,..,..,..,..,..,..,..,..,..,..,..,..,..,..,..,..,..,..,..,..,..,..,..,..,..,..,..,..,..,..,..,..,..,..,..,..,..,..,..,..,..,..,..,..,..,..,..,..
Women who believe a wife is justified refusing sex with her husband if she is tired or not in the mood (%): Q2,SG.RSX.TIRD.Q2.ZS,United States,USA,..,..,..,..,..,..,..,..,..,..,..,..,..,..,..,..,..,..,..,..,..,..,..,..,..,..,..,..,..,..,..,..,..,..,..,..,..,..,..,..,..,..,..,..,..,..,..,..,..,..
Women who believe a wife is justified refusing sex with her husband if she is tired or not in the mood (%): Q3,SG.RSX.TIRD.Q3.ZS,United States,USA,..,..,..,..,..,..,..,..,..,..,..,..,..,..,..,..,..,..,..,..,..,..,..,..,..,..,..,..,..,..,..,..,..,..,..,..,..,..,..,..,..,..,..,..,..,..,..,..,..,..
Women who believe a wife is justified refusing sex with her husband if she is tired or not in the mood (%): Q4,SG.RSX.TIRD.Q4.ZS,United States,USA,..,..,..,..,..,..,..,..,..,..,..,..,..,..,..,..,..,..,..,..,..,..,..,..,..,..,..,..,..,..,..,..,..,..,..,..,..,..,..,..,..,..,..,..,..,..,..,..,..,..
Women who believe a wife is justified refusing sex with her husband if she is tired or not in the mood (%): Q5 (highest),SG.RSX.TIRD.Q5.ZS,United States,USA,..,..,..,..,..,..,..,..,..,..,..,..,..,..,..,..,..,..,..,..,..,..,..,..,..,..,..,..,..,..,..,..,..,..,..,..,..,..,..,..,..,..,..,..,..,..,..,..,..,..
Women who believe a wife is justified refusing sex with her husband if she knows he has sex with other women (%),SG.RSX.SXOT.ZS,United States,USA,..,..,..,..,..,..,..,..,..,..,..,..,..,..,..,..,..,..,..,..,..,..,..,..,..,..,..,..,..,..,..,..,..,..,..,..,..,..,..,..,..,..,..,..,..,..,..,..,..,..
Women who believe a wife is justified refusing sex with her husband if she knows he has sex with other women (%): Q1 (lowest),SG.RSX.SXOT.Q1.ZS,United States,USA,..,..,..,..,..,..,..,..,..,..,..,..,..,..,..,..,..,..,..,..,..,..,..,..,..,..,..,..,..,..,..,..,..,..,..,..,..,..,..,..,..,..,..,..,..,..,..,..,..,..
Women who believe a wife is justified refusing sex with her husband if she knows he has sex with other women (%): Q2,SG.RSX.SXOT.Q2.ZS,United States,USA,..,..,..,..,..,..,..,..,..,..,..,..,..,..,..,..,..,..,..,..,..,..,..,..,..,..,..,..,..,..,..,..,..,..,..,..,..,..,..,..,..,..,..,..,..,..,..,..,..,..
Women who believe a wife is justified refusing sex with her husband if she knows he has sex with other women (%): Q3,SG.RSX.SXOT.Q3.ZS,United States,USA,..,..,..,..,..,..,..,..,..,..,..,..,..,..,..,..,..,..,..,..,..,..,..,..,..,..,..,..,..,..,..,..,..,..,..,..,..,..,..,..,..,..,..,..,..,..,..,..,..,..
Women who believe a wife is justified refusing sex with her husband if she knows he has sex with other women (%): Q4,SG.RSX.SXOT.Q4.ZS,United States,USA,..,..,..,..,..,..,..,..,..,..,..,..,..,..,..,..,..,..,..,..,..,..,..,..,..,..,..,..,..,..,..,..,..,..,..,..,..,..,..,..,..,..,..,..,..,..,..,..,..,..
Women who believe a wife is justified refusing sex with her husband if she knows he has sex with other women (%): Q5 (highest),SG.RSX.SXOT.Q5.ZS,United States,USA,..,..,..,..,..,..,..,..,..,..,..,..,..,..,..,..,..,..,..,..,..,..,..,..,..,..,..,..,..,..,..,..,..,..,..,..,..,..,..,..,..,..,..,..,..,..,..,..,..,..
Women who believe a wife is justified refusing sex with her husband if she knows he has sexually transmitted disease (%),SG.RSX.TMDS.ZS,United States,USA,..,..,..,..,..,..,..,..,..,..,..,..,..,..,..,..,..,..,..,..,..,..,..,..,..,..,..,..,..,..,..,..,..,..,..,..,..,..,..,..,..,..,..,..,..,..,..,..,..,..
Women who believe a wife is justified refusing sex with her husband if she knows he has sexually transmitted disease (%): Q1 (lowest),SG.RSX.TMDS.Q1.ZS,United States,USA,..,..,..,..,..,..,..,..,..,..,..,..,..,..,..,..,..,..,..,..,..,..,..,..,..,..,..,..,..,..,..,..,..,..,..,..,..,..,..,..,..,..,..,..,..,..,..,..,..,..
Women who believe a wife is justified refusing sex with her husband if she knows he has sexually transmitted disease (%): Q2,SG.RSX.TMDS.Q2.ZS,United States,USA,..,..,..,..,..,..,..,..,..,..,..,..,..,..,..,..,..,..,..,..,..,..,..,..,..,..,..,..,..,..,..,..,..,..,..,..,..,..,..,..,..,..,..,..,..,..,..,..,..,..
Women who believe a wife is justified refusing sex with her husband if she knows he has sexually transmitted disease (%): Q3,SG.RSX.TMDS.Q3.ZS,United States,USA,..,..,..,..,..,..,..,..,..,..,..,..,..,..,..,..,..,..,..,..,..,..,..,..,..,..,..,..,..,..,..,..,..,..,..,..,..,..,..,..,..,..,..,..,..,..,..,..,..,..
Women who believe a wife is justified refusing sex with her husband if she knows he has sexually transmitted disease (%): Q4,SG.RSX.TMDS.Q4.ZS,United States,USA,..,..,..,..,..,..,..,..,..,..,..,..,..,..,..,..,..,..,..,..,..,..,..,..,..,..,..,..,..,..,..,..,..,..,..,..,..,..,..,..,..,..,..,..,..,..,..,..,..,..
Women who believe a wife is justified refusing sex with her husband if she knows he has sexually transmitted disease (%): Q5 (highest),SG.RSX.TMDS.Q5.ZS,United States,USA,..,..,..,..,..,..,..,..,..,..,..,..,..,..,..,..,..,..,..,..,..,..,..,..,..,..,..,..,..,..,..,..,..,..,..,..,..,..,..,..,..,..,..,..,..,..,..,..,..,..
Women whose husband or partner has ever demonstrated controlling behaviors (% of ever-married women ages 15-49),SG.VAW.IPCB.ZS,United States,USA,..,..,..,..,..,..,..,..,..,..,..,..,..,..,..,..,..,..,..,..,..,..,..,..,..,..,..,..,..,..,..,..,..,..,..,..,..,..,..,..,..,..,..,..,..,..,..,..,..,..
Women whose husband or partner has never demonstrated controlling behaviors (% of ever-married women ages 15-49),SG.VAW.IPCB.NV.ZS,United States,USA,..,..,..,..,..,..,..,..,..,..,..,..,..,..,..,..,..,..,..,..,..,..,..,..,..,..,..,..,..,..,..,..,..,..,..,..,..,..,..,..,..,..,..,..,..,..,..,..,..,..
,,,,,,,,,,,,,,,,,,,,,,,,,,,,,,,,,,,,,,,,,,,,,,,,,,,,,
,,,,,,,,,,,,,,,,,,,,,,,,,,,,,,,,,,,,,,,,,,,,,,,,,,,,,
,,,,,,,,,,,,,,,,,,,,,,,,,,,,,,,,,,,,,,,,,,,,,,,,,,,,,
Data from database: Gender Statistics,,,,,,,,,,,,,,,,,,,,,,,,,,,,,,,,,,,,,,,,,,,,,,,,,,,,,
Last Updated: 04/15/2024,,,,,,,,,,,,,,,,,,,,,,,,,,,,,,,,,,,,,,,,,,,,,,,,,,,,,
